milestone	execution_verified	required_outputs_verified	report_exists	report_complete_against_PROJECT_md	progress_consistent	changelog_consistent	readme_consistent	figure_index_consistent	provenance_consistent	issues	severity	resolution
M0	yes	yes	yes	yes	yes	yes	yes	yes	yes	none	none	none
M1	yes	yes	yes	yes	yes	yes	yes	yes	yes	none	none	none
M2	yes	yes	yes	yes	yes	yes	yes	yes	yes	none	none	none
M3	yes	yes	yes	yes	yes	yes	yes	yes	yes	none	none	none
M4	yes	yes	yes	yes	yes	yes	yes	yes	yes	none	none	none
M5	yes	yes	yes	yes	yes	yes	yes	yes	yes	none	none	none
M6	yes	yes	yes	yes	yes	yes	yes	yes	yes	none	none	none
M7	yes	yes	yes	yes	yes	yes	yes	yes	yes	none	none	none
M8	yes	yes	yes	yes	yes	yes	yes	yes	yes	none	none	none
