PC	Technical_Metric	Pearson_R	Pearson_P	Spearman_R	Spearman_P
PC_1	nCount_RNA	-0.427553129240578	3.60194763335442e-102	-0.583179368587672	3.03723584581646e-208
PC_2	nCount_RNA	0.452565720258526	1.00012584940422e-115	0.518229811111845	3.42099550062615e-157
PC_3	nCount_RNA	0.32767508675504	2.63844187561391e-58	0.454152288706651	1.26259645468921e-116
PC_4	nCount_RNA	-0.0434934524622589	0.0376678878087628	-0.0154524347823304	0.46043521467525
PC_5	nCount_RNA	-0.0342613176267546	0.101635873815287	-0.0520735573755721	0.0128108436878366
PC_6	nCount_RNA	0.027578143112378	0.187663719582429	0.198805406176912	8.65227920520133e-22
PC_7	nCount_RNA	0.107706072208862	2.47476565666319e-07	0.0674204657688565	0.00126408694072764
PC_8	nCount_RNA	0.146370696520388	2.07583160792642e-12	0.190111217132038	4.98370123726682e-20
PC_9	nCount_RNA	-0.0255346717715627	0.222516519474133	0.0606120565361612	0.00375787267358498
PC_10	nCount_RNA	0.186453991607596	2.59006892426867e-19	0.0720409801699413	0.000569964980806771
PC_11	nCount_RNA	-0.130033777880634	4.4442139931864e-10	-0.120847148870756	6.89287659754048e-09
PC_12	nCount_RNA	-0.0787474847355956	0.000165069768048851	-0.0465646835548603	0.0260563042167665
PC_13	nCount_RNA	-0.0540269954154316	0.00980906710284197	-0.0927668106556046	8.97128185915943e-06
PC_14	nCount_RNA	0.0688370499838518	0.000995092987661629	0.0694026633287935	0.000903325977080367
PC_15	nCount_RNA	-0.0543003219057919	0.00944334458546254	-0.0197081190939933	0.346473923905818
PC_1	nFeature_RNA	-0.46475517437534	9.35645781410631e-123	-0.639233181908958	1.31043569729025e-262
PC_2	nFeature_RNA	0.318131854362068	6.97698907159788e-55	0.387773663554771	7.67820002629656e-83
PC_3	nFeature_RNA	0.345890244752603	3.46559636045715e-65	0.410182683955177	2.09274747166731e-93
PC_4	nFeature_RNA	-0.0963526382565062	3.96850927594396e-06	-0.0822045582134471	8.38353665137261e-05
PC_5	nFeature_RNA	-0.0591881498801594	0.00466053886948339	-0.0311882301129067	0.136205869670817
PC_6	nFeature_RNA	0.0397791576794983	0.0573274537834239	0.128509367886212	7.10064216522812e-10
PC_7	nFeature_RNA	0.0673929601188698	0.0012699186700295	0.052576913335967	0.0119683163712559
PC_8	nFeature_RNA	0.158914159074559	2.18687856713126e-14	0.193088364174575	1.27083560525157e-20
PC_9	nFeature_RNA	-0.0655520816096802	0.0017216479309507	0.0279186594686539	0.18227067080095
PC_10	nFeature_RNA	0.161967649187049	6.81498552310034e-15	0.0906160956116025	1.44304292231767e-05
PC_11	nFeature_RNA	-0.17000950540336	2.83540190072195e-16	-0.12800798514939	8.27394604140957e-10
PC_12	nFeature_RNA	-0.0394975790953104	0.0591145672869824	-0.024424677712966	0.243283058963501
PC_13	nFeature_RNA	-0.0261826522287029	0.210996460061528	-0.077486497858613	0.000209960521486838
PC_14	nFeature_RNA	0.0512421788021172	0.0143176188465815	0.0556862125583803	0.00776962667739007
PC_15	nFeature_RNA	-0.00850400167349586	0.684594615052192	0.0099220462491181	0.635543616834876
PC_1	percent.mt	-2.86829654782711e-17	0.999999999999999	-0.0752242363368055	0.000320441567216652
PC_2	percent.mt	6.02588551897753e-18	1	0.079992889881861	0.000129715448545436
PC_3	percent.mt	3.77611147284807e-18	1	-0.0444238829933448	0.033757450020707
PC_4	percent.mt	-2.89038317337171e-17	0.999999999999999	0.0968491466185739	3.53659816852387e-06
PC_5	percent.mt	-4.54531535652085e-19	1	-0.0593107002745577	0.0045757613214568
PC_6	percent.mt	-5.41159469612304e-17	0.999999999999998	-0.00113039100828298	0.956940581230022
PC_7	percent.mt	5.1936185329463e-17	0.999999999999998	-0.00937375290053192	0.65433535185344
PC_8	percent.mt	-3.40527346611263e-17	0.999999999999999	-0.0274241525717025	0.190140890644746
PC_9	percent.mt	2.81666630771854e-17	0.999999999999999	-0.0592426891220732	0.0046226359005822
PC_10	percent.mt	3.16190531215085e-17	0.999999999999999	-0.0233136708527612	0.265395021318748
PC_11	percent.mt	-1.00783972866068e-17	1	-0.0965393616780871	3.80046275358207e-06
PC_12	percent.mt	-4.41875500900079e-17	0.999999999999998	-0.0286356073626365	0.171292744238308
PC_13	percent.mt	1.17790172641873e-17	1	0.0192613795921105	0.357517305278406
PC_14	percent.mt	-5.17223483979774e-17	0.999999999999998	-0.0146757166705282	0.483287976143696
PC_15	percent.mt	1.61264531438299e-17	0.999999999999999	-0.0106055686866635	0.612442687341747
PC_1	percent.ribo	0.313997930566105	1.94056714670716e-53	0.315577173481847	5.48146219112004e-54
PC_2	percent.ribo	0.0116853969081275	0.57672650868323	0.00658678722234325	0.753048948634496
PC_3	percent.ribo	0.149307505232248	7.39556207075416e-13	0.15166576714137	3.18084317831719e-13
PC_4	percent.ribo	0.553142217669861	3.12374828664128e-183	0.481569829755885	6.23718226061319e-133
PC_5	percent.ribo	-0.00506517986926413	0.808826558741154	0.0676301485078605	0.00122043573953726
PC_6	percent.ribo	0.0730398478084308	0.000476878247951381	0.154332123378355	1.20570025686442e-13
PC_7	percent.ribo	-0.331611186750791	9.40847117098792e-60	-0.346551552271702	1.91046325805162e-65
PC_8	percent.ribo	0.199229826826301	7.06414101901975e-22	0.274689366412492	8.05204688998378e-41
PC_9	percent.ribo	-0.0391085519883513	0.0616594336169816	0.231523047507943	3.58578969586951e-29
PC_10	percent.ribo	-0.0179357937386153	0.391570345716968	-0.0166879397177168	0.425360558184116
PC_11	percent.ribo	0.179205189324241	6.15171783105638e-18	0.160642857544637	1.13334934525409e-14
PC_12	percent.ribo	-0.135164439745274	8.81917740409127e-11	-0.177420494815842	1.31515588697465e-17
PC_13	percent.ribo	-0.208963188229208	5.94764551893102e-24	-0.197467330492953	1.63489282704135e-21
PC_14	percent.ribo	0.0801646195468089	0.00012544144438562	0.0733958024221965	0.000447282407705235
PC_15	percent.ribo	-0.115638474421221	2.98902134136094e-08	-0.128905206064194	6.29046152380432e-10
