recommended_cluster	dataset	cell_count
MPNST_1_C00	MPNST_1	993
MPNST_1_C01	MPNST_1	627
MPNST_1_C02	MPNST_1	549
MPNST_1_C03	MPNST_1	546
MPNST_1_C04	MPNST_1	499
MPNST_1_C05	MPNST_1	447
MPNST_1_C06	MPNST_1	426
MPNST_1_C07	MPNST_1	403
MPNST_1_C08	MPNST_1	389
MPNST_1_C09	MPNST_1	382
MPNST_1_C10	MPNST_1	368
MPNST_1_C11	MPNST_1	335
MPNST_1_C12	MPNST_1	328
MPNST_1_C13	MPNST_1	309
MPNST_1_C14	MPNST_1	287
MPNST_1_C15	MPNST_1	284
MPNST_1_C16	MPNST_1	277
MPNST_1_C17	MPNST_1	166
MPNST_2_C00	MPNST_1	0
MPNST_2_C01	MPNST_1	0
MPNST_2_C02	MPNST_1	0
MPNST_2_C03	MPNST_1	0
MPNST_2_C04	MPNST_1	0
MPNST_2_C05	MPNST_1	0
MPNST_2_C06	MPNST_1	0
MPNST_2_C07	MPNST_1	0
MPNST_2_C08	MPNST_1	0
MPNST_3_C00	MPNST_1	0
MPNST_3_C01	MPNST_1	0
MPNST_3_C02	MPNST_1	0
MPNST_3_C03	MPNST_1	0
MPNST_3_C04	MPNST_1	0
MPNST_3_C05	MPNST_1	0
MPNST_3_C06	MPNST_1	0
MPNST_3_C07	MPNST_1	0
MPNST_3_C08	MPNST_1	0
MPNST_3_C09	MPNST_1	0
MPNST_3_C10	MPNST_1	0
MPNST_3_C11	MPNST_1	0
MPNST_3_C12	MPNST_1	0
MPNST_4_C00	MPNST_1	0
MPNST_4_C01	MPNST_1	0
MPNST_4_C02	MPNST_1	0
MPNST_4_C03	MPNST_1	0
MPNST_4_C04	MPNST_1	0
MPNST_4_C05	MPNST_1	0
MPNST_4_C06	MPNST_1	0
MPNST_4_C07	MPNST_1	0
MPNST_4_C08	MPNST_1	0
MPNST_4_C09	MPNST_1	0
MPNST_4_C10	MPNST_1	0
MPNST_4_C11	MPNST_1	0
MPNST_4_C12	MPNST_1	0
MPNST_4_C13	MPNST_1	0
MPNST_1_C00	MPNST_2	0
MPNST_1_C01	MPNST_2	0
MPNST_1_C02	MPNST_2	0
MPNST_1_C03	MPNST_2	0
MPNST_1_C04	MPNST_2	0
MPNST_1_C05	MPNST_2	0
MPNST_1_C06	MPNST_2	0
MPNST_1_C07	MPNST_2	0
MPNST_1_C08	MPNST_2	0
MPNST_1_C09	MPNST_2	0
MPNST_1_C10	MPNST_2	0
MPNST_1_C11	MPNST_2	0
MPNST_1_C12	MPNST_2	0
MPNST_1_C13	MPNST_2	0
MPNST_1_C14	MPNST_2	0
MPNST_1_C15	MPNST_2	0
MPNST_1_C16	MPNST_2	0
MPNST_1_C17	MPNST_2	0
MPNST_2_C00	MPNST_2	741
MPNST_2_C01	MPNST_2	396
MPNST_2_C02	MPNST_2	372
MPNST_2_C03	MPNST_2	250
MPNST_2_C04	MPNST_2	176
MPNST_2_C05	MPNST_2	111
MPNST_2_C06	MPNST_2	111
MPNST_2_C07	MPNST_2	79
MPNST_2_C08	MPNST_2	48
MPNST_3_C00	MPNST_2	0
MPNST_3_C01	MPNST_2	0
MPNST_3_C02	MPNST_2	0
MPNST_3_C03	MPNST_2	0
MPNST_3_C04	MPNST_2	0
MPNST_3_C05	MPNST_2	0
MPNST_3_C06	MPNST_2	0
MPNST_3_C07	MPNST_2	0
MPNST_3_C08	MPNST_2	0
MPNST_3_C09	MPNST_2	0
MPNST_3_C10	MPNST_2	0
MPNST_3_C11	MPNST_2	0
MPNST_3_C12	MPNST_2	0
MPNST_4_C00	MPNST_2	0
MPNST_4_C01	MPNST_2	0
MPNST_4_C02	MPNST_2	0
MPNST_4_C03	MPNST_2	0
MPNST_4_C04	MPNST_2	0
MPNST_4_C05	MPNST_2	0
MPNST_4_C06	MPNST_2	0
MPNST_4_C07	MPNST_2	0
MPNST_4_C08	MPNST_2	0
MPNST_4_C09	MPNST_2	0
MPNST_4_C10	MPNST_2	0
MPNST_4_C11	MPNST_2	0
MPNST_4_C12	MPNST_2	0
MPNST_4_C13	MPNST_2	0
MPNST_1_C00	MPNST_3	0
MPNST_1_C01	MPNST_3	0
MPNST_1_C02	MPNST_3	0
MPNST_1_C03	MPNST_3	0
MPNST_1_C04	MPNST_3	0
MPNST_1_C05	MPNST_3	0
MPNST_1_C06	MPNST_3	0
MPNST_1_C07	MPNST_3	0
MPNST_1_C08	MPNST_3	0
MPNST_1_C09	MPNST_3	0
MPNST_1_C10	MPNST_3	0
MPNST_1_C11	MPNST_3	0
MPNST_1_C12	MPNST_3	0
MPNST_1_C13	MPNST_3	0
MPNST_1_C14	MPNST_3	0
MPNST_1_C15	MPNST_3	0
MPNST_1_C16	MPNST_3	0
MPNST_1_C17	MPNST_3	0
MPNST_2_C00	MPNST_3	0
MPNST_2_C01	MPNST_3	0
MPNST_2_C02	MPNST_3	0
MPNST_2_C03	MPNST_3	0
MPNST_2_C04	MPNST_3	0
MPNST_2_C05	MPNST_3	0
MPNST_2_C06	MPNST_3	0
MPNST_2_C07	MPNST_3	0
MPNST_2_C08	MPNST_3	0
MPNST_3_C00	MPNST_3	510
MPNST_3_C01	MPNST_3	425
MPNST_3_C02	MPNST_3	409
MPNST_3_C03	MPNST_3	271
MPNST_3_C04	MPNST_3	259
MPNST_3_C05	MPNST_3	241
MPNST_3_C06	MPNST_3	177
MPNST_3_C07	MPNST_3	168
MPNST_3_C08	MPNST_3	149
MPNST_3_C09	MPNST_3	111
MPNST_3_C10	MPNST_3	98
MPNST_3_C11	MPNST_3	71
MPNST_3_C12	MPNST_3	51
MPNST_4_C00	MPNST_3	0
MPNST_4_C01	MPNST_3	0
MPNST_4_C02	MPNST_3	0
MPNST_4_C03	MPNST_3	0
MPNST_4_C04	MPNST_3	0
MPNST_4_C05	MPNST_3	0
MPNST_4_C06	MPNST_3	0
MPNST_4_C07	MPNST_3	0
MPNST_4_C08	MPNST_3	0
MPNST_4_C09	MPNST_3	0
MPNST_4_C10	MPNST_3	0
MPNST_4_C11	MPNST_3	0
MPNST_4_C12	MPNST_3	0
MPNST_4_C13	MPNST_3	0
MPNST_1_C00	MPNST_4	0
MPNST_1_C01	MPNST_4	0
MPNST_1_C02	MPNST_4	0
MPNST_1_C03	MPNST_4	0
MPNST_1_C04	MPNST_4	0
MPNST_1_C05	MPNST_4	0
MPNST_1_C06	MPNST_4	0
MPNST_1_C07	MPNST_4	0
MPNST_1_C08	MPNST_4	0
MPNST_1_C09	MPNST_4	0
MPNST_1_C10	MPNST_4	0
MPNST_1_C11	MPNST_4	0
MPNST_1_C12	MPNST_4	0
MPNST_1_C13	MPNST_4	0
MPNST_1_C14	MPNST_4	0
MPNST_1_C15	MPNST_4	0
MPNST_1_C16	MPNST_4	0
MPNST_1_C17	MPNST_4	0
MPNST_2_C00	MPNST_4	0
MPNST_2_C01	MPNST_4	0
MPNST_2_C02	MPNST_4	0
MPNST_2_C03	MPNST_4	0
MPNST_2_C04	MPNST_4	0
MPNST_2_C05	MPNST_4	0
MPNST_2_C06	MPNST_4	0
MPNST_2_C07	MPNST_4	0
MPNST_2_C08	MPNST_4	0
MPNST_3_C00	MPNST_4	0
MPNST_3_C01	MPNST_4	0
MPNST_3_C02	MPNST_4	0
MPNST_3_C03	MPNST_4	0
MPNST_3_C04	MPNST_4	0
MPNST_3_C05	MPNST_4	0
MPNST_3_C06	MPNST_4	0
MPNST_3_C07	MPNST_4	0
MPNST_3_C08	MPNST_4	0
MPNST_3_C09	MPNST_4	0
MPNST_3_C10	MPNST_4	0
MPNST_3_C11	MPNST_4	0
MPNST_3_C12	MPNST_4	0
MPNST_4_C00	MPNST_4	1005
MPNST_4_C01	MPNST_4	830
MPNST_4_C02	MPNST_4	764
MPNST_4_C03	MPNST_4	716
MPNST_4_C04	MPNST_4	531
MPNST_4_C05	MPNST_4	439
MPNST_4_C06	MPNST_4	411
MPNST_4_C07	MPNST_4	394
MPNST_4_C08	MPNST_4	353
MPNST_4_C09	MPNST_4	344
MPNST_4_C10	MPNST_4	325
MPNST_4_C11	MPNST_4	316
MPNST_4_C12	MPNST_4	298
MPNST_4_C13	MPNST_4	151
